CREATE TABLE SAMPLE(SAMPLE_ID VARCHAR(40) NOT NULL PRIMARY KEY,SAMPLE_NAME VARCHAR(100) NOT NULL,PARENT_SAMPLE_ID VARCHAR(40),NODE_TYPE INT,PATH VARCHAR(255),HIGH_LIGHT BIT,KEY_WORD VARCHAR(255),SORT_ORDER INT,ARCHIEVE_PATH VARCHAR(255),AUTHOR VARCHAR(100),DESCRIPTION VARCHAR(1024))
CREATE TABLE START_SAMPLE(SAMPLE_ID VARCHAR(40) NOT NULL PRIMARY KEY,SORT_ORDER INT,CONSTRAINT FK_START_SAMPLE_SAMPLE FOREIGN KEY(SAMPLE_ID) REFERENCES SAMPLE(SAMPLE_ID))
CREATE TABLE BRANCH(BRANCH_ID VARCHAR(20) NOT NULL PRIMARY KEY,BRANCH_NAME VARCHAR(50))
CREATE TABLE CATEGORY(CATEGORY_ID VARCHAR(20) NOT NULL PRIMARY KEY,CATEGORY_NAME VARCHAR(50),PARENT_ID VARCHAR(20))
CREATE TABLE DEPT(DEPT_ID VARCHAR(16) NOT NULL PRIMARY KEY,BRANCH_ID VARCHAR(16),DEPT_NAME VARCHAR(30))
CREATE TABLE EMPLOYEE(EMPLOYEE_ID VARCHAR(16) NOT NULL PRIMARY KEY,DEPT_ID VARCHAR(16),EMPLOYEE_NAME VARCHAR(16),SEX BIT NOT NULL,BIRTHDAY DATETIME,MARRIED BIT NOT NULL,SALARY DECIMAL(10,2),DEGREE VARCHAR(30),EMAIL VARCHAR(50),WEB VARCHAR(50),CMNT VARCHAR(255),IMAGE VARCHAR(50))
CREATE TABLE LOG(MSG_NO INT IDENTITY(1,1) NOT NULL PRIMARY KEY,MSG_TIME DATETIME NOT NULL,MSG VARCHAR(200))
CREATE TABLE PROJECT(ID INT NOT NULL PRIMARY KEY,TASK_NAME VARCHAR(40),PARENT_ID INT,START_TIME DATETIME,END_TIME DATETIME,OWNER VARCHAR(20) NOT NULL,CHECKER VARCHAR(20) NOT NULL,PROGRESS INT)
CREATE TABLE SCHEDULE(ID INT NOT NULL PRIMARY KEY,START_TIME DATETIME,END_TIME DATETIME,TASK VARCHAR(50),CMNT VARCHAR(255))
CREATE TABLE TEST_DETAIL(ID INT NOT NULL PRIMARY KEY,FK_ID INT,FIELD1 VARCHAR(20),FIELD2 FLOAT)
CREATE TABLE TEST_MASTER(ID INT NOT NULL PRIMARY KEY,FIELD1 VARCHAR(20),FIELD2 FLOAT,FIELD3 DATETIME)
CREATE TABLE PRODUCT(PRODUCT_ID VARCHAR(20) NOT NULL PRIMARY KEY,PRODUCT_NAME VARCHAR(50) DEFAULT NULL,CATEGORY_ID VARCHAR(20) DEFAULT NULL,SPEC VARCHAR(50) DEFAULT NULL,BRAND VARCHAR(20) DEFAULT NULL,WEIGHT FLOAT DEFAULT NULL,SIZE FLOAT DEFAULT NULL,CMNT VARCHAR(255) DEFAULT NULL)
CREATE TABLE CONTRACT(CONTRACT_NO VARCHAR(20) NOT NULL PRIMARY KEY,OWNER VARCHAR(20) DEFAULT NULL,CUSTOMER VARCHAR(20) DEFAULT NULL,SIGN_DATE DATETIME DEFAULT NULL,DELIVERY_DATE DATETIME DEFAULT NULL,DELIVERY_PLACE VARCHAR(20) DEFAULT NULL,TERMS VARCHAR(255) DEFAULT NULL,CMNT VARCHAR(255) DEFAULT NULL)
CREATE TABLE CONTRACT_ITEMS(ITEM_ID INT NOT NULL PRIMARY KEY,CONTRACT_NO VARCHAR(20) DEFAULT NULL,PRODUCT_ID VARCHAR(20) DEFAULT NULL,NUM FLOAT DEFAULT NULL,PRICE FLOAT DEFAULT NULL,COST FLOAT DEFAULT NULL,CMNT VARCHAR(255) DEFAULT NULL)
CREATE TABLE CUSTOMER(CUSTOM_ID VARCHAR(30) NOT NULL PRIMARY KEY,CUSTOM_NAME VARCHAR(30))
CREATE TABLE MIS_COMPANY(COMPANYID VARCHAR(50) NOT NULL PRIMARY KEY,NAME VARCHAR(50) NOT NULL,ADDRESS VARCHAR(100),FAX VARCHAR(20),PHONE VARCHAR(20),WEB VARCHAR(100),PROVINCE VARCHAR(50),CITY VARCHAR(50),CONTENT VARCHAR(100),COMPANYLEVEL VARCHAR(1))
CREATE TABLE MIS_PROJECT(PROJECTID VARCHAR(50) NOT NULL PRIMARY KEY,COMPANYID VARCHAR(50),NAME VARCHAR(50),TIME DATETIME,COST DECIMAL(10,2),CONTENT VARCHAR(200))
CREATE TABLE MIS_STAFF(STAFFID VARCHAR(50) NOT NULL PRIMARY KEY,DEPTID VARCHAR(50),COMPANYID VARCHAR(50),USERNAME VARCHAR(50) NOT NULL,PWD VARCHAR(20),INFO VARCHAR(100),LOCK BIT,BIRTHDAY DATETIME,SEX BIT,PHONE VARCHAR(20),MOBILE VARCHAR(20),EMAIL VARCHAR(20),ADDRESS VARCHAR(100))

INSERT INTO SAMPLE VALUES('075dabe77f22dea732aa05b131ad6ec83d8000','框架选择','075dabe77f22dea7437693af131ad46d7df8000',0,'scene/select-style.jsp',NULL,NULL,11,NULL,NULL,NULL)
INSERT INTO SAMPLE VALUES('075dabe77f22dea7437693af131ad46d7df7fdd','带进度条的上传','075dabe77f22dea7437693af131ad46d7df7ffb',0,'scene/upload/multiUpload2/uploadDemo.jsp',NULL,NULL,13,NULL,NULL,NULL)
INSERT INTO SAMPLE VALUES('075dabe77f22dea7437693af131ad46d7df7fde','多文件上传','075dabe77f22dea7437693af131ad46d7df7ffb',0,'scene/upload/multiUpload1/uploadDemo.jsp',NULL,NULL,12,NULL,NULL,NULL)
INSERT INTO SAMPLE VALUES('075dabe77f22dea7437693af131ad46d7df7fdf','单文件上传','075dabe77f22dea7437693af131ad46d7df7ffb',0,'scene/upload/simpleUpload/uploadDemo.jsp',NULL,NULL,11,NULL,NULL,NULL)
INSERT INTO SAMPLE VALUES('075dabe77f22dea7437693af131ad46d7df7fe0','自动过滤Dropdown','075dabe77f22dea7437693af131ad46d7df7ffc',0,'scene/input/filter-dropdown.jsp',NULL,NULL,12,NULL,NULL,NULL)
INSERT INTO SAMPLE VALUES('075dabe77f22dea7437693af131ad46d7df7fe1','录入辅助（Dropdown展示）','075dabe77f22dea7437693af131ad46d7df7ffc',0,'scene/input/input-assist/input-assist.jsp',NULL,NULL,11,NULL,NULL,NULL)
INSERT INTO SAMPLE VALUES('075dabe77f22dea7437693af131ad46d7df7fe2','自定义校验器','075dabe77f22dea7437693af131ad46d7df7ffd',0,'scene/validate/customValidator.jsp',NULL,NULL,14,NULL,NULL,NULL)
INSERT INTO SAMPLE VALUES('075dabe77f22dea7437693af131ad46d7df7fe3','唯一性校验','075dabe77f22dea7437693af131ad46d7df7ffd',0,'scene/validate/uniqueValidateByDataset.jsp',NULL,NULL,13,NULL,NULL,NULL)
INSERT INTO SAMPLE VALUES('075dabe77f22dea7437693af131ad46d7df7fe4','正则表达式校验','075dabe77f22dea7437693af131ad46d7df7ffd',0,'scene/validate/patternValidate.jsp',NULL,NULL,12,NULL,NULL,NULL)
INSERT INTO SAMPLE VALUES('075dabe77f22dea7437693af131ad46d7df7fe5','简单校验器','075dabe77f22dea7437693af131ad46d7df7ffd',0,'scene/validate/simpleValidate.jsp',NULL,NULL,11,NULL,NULL,NULL)
INSERT INTO SAMPLE VALUES('075dabe77f22dea7437693af131ad46d7df7fe8','利用Excel批量数据导入','075dabe77f22dea7437693af131ad46d7df7ffe',0,'scene/submit/excel-import.jsp',NULL,NULL,18,NULL,NULL,NULL)
INSERT INTO SAMPLE VALUES('075dabe77f22dea7437693af131ad46d7df7fe9','根据业务主键自动填写完整信息','075dabe77f22dea7437693af131ad46d7df7ffe',0,'scene/submit/info-datatable.jsp',NULL,NULL,17,NULL,NULL,NULL)
INSERT INTO SAMPLE VALUES('075dabe77f22dea7437693af131ad46d7df7fea','主从表提交','075dabe77f22dea7437693af131ad46d7df7ffe',0,'skills/data/master-detail2.jsp',NULL,NULL,16,NULL,NULL,NULL)
INSERT INTO SAMPLE VALUES('075dabe77f22dea7437693af131ad46d7df7feb','提交并维护日志','075dabe77f22dea7437693af131ad46d7df7ffe',0,'skills/data/update.jsp',NULL,NULL,15,NULL,NULL,NULL)
INSERT INTO SAMPLE VALUES('075dabe77f22dea7437693af131ad46d7df7fec','合同管理','075dabe77f22dea7437693af131ad46d7df7ffe',0,'complex/contract/contract-query.jsp',NULL,NULL,14,NULL,NULL,NULL)
INSERT INTO SAMPLE VALUES('075dabe77f22dea7437693af131ad46d7df7fed','批量数据维护（利用可编辑的DataTable）','075dabe77f22dea7437693af131ad46d7df7ffe',0,'scene/submit/mutiple-record.jsp',NULL,NULL,13,NULL,NULL,NULL)
INSERT INTO SAMPLE VALUES('075dabe77f22dea7437693af131ad46d7df7fee','单条记录的维护（利用弹出的AutoForm）','075dabe77f22dea7437693af131ad46d7df7ffe',0,'scene/submit/simple-record2.jsp',NULL,NULL,12,NULL,NULL,NULL)
INSERT INTO SAMPLE VALUES('075dabe77f22dea7437693af131ad46d7df7fef','单条记录的维护（利用联动的AutoForm）','075dabe77f22dea7437693af131ad46d7df7ffe',0,'scene/submit/simple-record1.jsp',NULL,NULL,11,NULL,NULL,NULL)
INSERT INTO SAMPLE VALUES('075dabe77f22dea7437693af131ad46d7df7ff0','联动下拉框','075dabe77f22dea7437693af131ad46d7df7ff4',0,'skills/form/cascade-dropdown.jsp',NULL,NULL,14,NULL,NULL,NULL)
INSERT INTO SAMPLE VALUES('075dabe77f22dea7437693af131ad46d7df7ff1','表格+AutoForm','075dabe77f22dea7437693af131ad46d7df7ff4',0,'scene/query/masterlink/tableform.jsp',NULL,NULL,13,NULL,NULL,NULL)
INSERT INTO SAMPLE VALUES('075dabe77f22dea7437693af131ad46d7df7ff2','树+表格','075dabe77f22dea7437693af131ad46d7df7ff4',0,'skills/tree/nav-tree.jsp',NULL,NULL,12,NULL,NULL,NULL)
INSERT INTO SAMPLE VALUES('075dabe77f22dea7437693af131ad46d7df7ff3','表格+表格','075dabe77f22dea7437693af131ad46d7df7ff4',0,'scene/query/masterlink/tabletable.jsp',NULL,NULL,11,NULL,NULL,NULL)
INSERT INTO SAMPLE VALUES('075dabe77f22dea7437693af131ad46d7df7ff4','主从（联动）显示','075dabe77f22dea7437693af131ad46d7df7fff',1,NULL,NULL,NULL,20,NULL,NULL,NULL)
INSERT INTO SAMPLE VALUES('075dabe77f22dea7437693af131ad46d7df7ff5','将查询结果在树节点中的定位','075dabe77f22dea7437693af131ad46d7df7fff',0,'scene/query/tree-query.jsp',NULL,NULL,14,NULL,NULL,NULL)
INSERT INTO SAMPLE VALUES('075dabe77f22dea7437693af131ad46d7df7ff6','查询条件隐藏，使用快捷键呼叫出来','075dabe77f22dea7437693af131ad46d7df7fff',0,'scene/query/hiddenquery.jsp',NULL,NULL,13,NULL,NULL,NULL)
INSERT INTO SAMPLE VALUES('075dabe77f22dea7437693af131ad46d7df7ff7','使用Tabset将查询条件分组','075dabe77f22dea7437693af131ad46d7df7fff',0,'scene/query/tabsetquery.jsp',NULL,NULL,12,NULL,NULL,NULL)
INSERT INTO SAMPLE VALUES('075dabe77f22dea7437693af131ad46d7df7ff8','表格过滤','075dabe77f22dea7437693af131ad46d7df7fff',0,'skills/table/table.jsp',0,NULL,11,NULL,NULL,NULL)
INSERT INTO SAMPLE VALUES('075dabe77f22dea7437693af131ad46d7df7ff9','简单查询','075dabe77f22dea7437693af131ad46d7df7fff',0,'skills/data/query.jsp',0,NULL,10,NULL,NULL,NULL)
INSERT INTO SAMPLE VALUES('075dabe77f22dea7437693af131ad46d7df7ffb','文件上传','075dabe77f22dea7437693af131ad46d7df8000',1,NULL,NULL,NULL,25,NULL,NULL,NULL)
INSERT INTO SAMPLE VALUES('075dabe77f22dea7437693af131ad46d7df7ffc','数据录入','075dabe77f22dea7437693af131ad46d7df8000',1,NULL,NULL,NULL,24,NULL,NULL,NULL)
INSERT INTO SAMPLE VALUES('075dabe77f22dea7437693af131ad46d7df7ffd','数据校验','075dabe77f22dea7437693af131ad46d7df8000',1,NULL,NULL,NULL,23,NULL,NULL,NULL)
INSERT INTO SAMPLE VALUES('075dabe77f22dea7437693af131ad46d7df7ffe','数据维护场景','075dabe77f22dea7437693af131ad46d7df8000',1,NULL,NULL,NULL,22,NULL,NULL,NULL)
INSERT INTO SAMPLE VALUES('075dabe77f22dea7437693af131ad46d7df7fff','数据查询场景','075dabe77f22dea7437693af131ad46d7df8000',1,NULL,NULL,NULL,21,NULL,NULL,NULL)
INSERT INTO SAMPLE VALUES('075dabe77f22dea7437693af131ad46d7df8000','场景示例','c91ab9e973f25cc148e0abfc113a56b38a28000',1,NULL,1,NULL,20,NULL,NULL,NULL)
INSERT INTO SAMPLE VALUES('37cb61f8f3397d86463ab22611458b4bc108000','分组报表2','df628b87baa15d265de74d8511401e0813e8000',0,'report/excel/template-viewer.jsp?template=/report/excel/data-group2.report',0,NULL,60,NULL,'benny.bao@bstek.com',NULL)
INSERT INTO SAMPLE VALUES('4abddecb3e2dd3be1a18ca471169ee5766a7fff','静态表格','a727403a6187044817c65309113a8eabe1d7ff2',0,'skills/table/statictable.jsp',1,'StaticTable',50,NULL,'benny.bao@bstek.com',NULL)
INSERT INTO SAMPLE VALUES('4abddecb3e2dd3be1a18ca471169ee5766a8000','数据块','a727403a6187044817c65309113a8eabe1d7ff2',0,'skills/table/datablock.jsp',1,'DataBlock',40,NULL,NULL,NULL)
INSERT INTO SAMPLE VALUES('62928a25a83e607c59d1f2b6113b3ecc8827fff','VO数据交换2','a727403a6187044817c65309113a8eabe1d7ff3',0,'skills/data/vo2.jsp',0,'Hibernate POJO',80,NULL,'benny.bao@bstek.com','本例演示了如何从较复杂的带有多层级联关系的VO中获取展现数据。')
INSERT INTO SAMPLE VALUES('62928a25a83e607c59d1f2b6113b3ecc8828000','VO数据交换1','a727403a6187044817c65309113a8eabe1d7ff3',0,'skills/data/vo1.jsp',0,'Hibernate POJO ValueObject',70,NULL,'benny.bao@bstek.com','本例演示了如何从VO中获取所需的数据以及如何通过VO完成数据的持久化操作。')
INSERT INTO SAMPLE VALUES('62928a25a83e607c617c26b2113b3d052127ffd','ResultSet导入','a727403a6187044817c65309113a8eabe1d7ff3',0,'skills/data/resultset.jsp',0,'JDBC 存储过程',60,NULL,'benny.bao@bstek.com','<p>此例演示了如何将用户自己通过调用JDBC方法得到的ResultSet中的数据导入到Dataset。</p>')
INSERT INTO SAMPLE VALUES('62928a25a83e607c617c26b2113b3d052127ffe','数据提交','a727403a6187044817c65309113a8eabe1d7ff3',0,'skills/data/update.jsp',0,'retrieveAfterUpdate',20,NULL,'benny.bao@bstek.com','<p>本例演示了如何通过ViewModel的实现类和UpdateCommand实现各种类型的数据处理.</p>
<p>当Server端的数据处理完成后,BRich的客户端Dataset可以自动与Server与服务器端的数据变化进行同步.</p>')
INSERT INTO SAMPLE VALUES('62928a25a83e607c617c26b2113b3d052127fff','查询','a727403a6187044817c65309113a8eabe1d7ff3',0,'skills/data/query.jsp',0,'QueryCommand conditionDataset queryDataset parameters',10,NULL,'benny.bao@bstek.com','<p>利用dorado, 简单设置就可以实现相当复杂的复合查询.</p>
<p>在组装查询条件的过程中此处使用了AutoSqlDataset的MatchRule中的逃逸值功能(escapeEnabled和escapeValue属性).</p>')
INSERT INTO SAMPLE VALUES('62928a25a83e607c617c26b2113b3d052128000','主从绑定2','a727403a6187044817c65309113a8eabe1d7ff3',0,'skills/data/master-detail2.jsp',0,NULL,50,NULL,'benny.bao@bstek.com','新的Dataset可在执行完数据提交后自动提取出部分由服务端产生的数据项. 例如数据库自动生成的主键、
服务端填入的当前时间等')
INSERT INTO SAMPLE VALUES('63595f90fef1a08d16672d6131aebb52087fff','快速添加记录','075dabe77f22dea7437693af131ad46d7df7ffe',0,'scene/submit/info-datatable.jsp',NULL,NULL,19,NULL,NULL,NULL)
INSERT INTO SAMPLE VALUES('929251ae9c4c1ede9f1d5e81146e0fb8198000','只读报表','df628b87baa15d265de74d8511401e0813e8000',0,'report/excel/readonly-report.jsp',NULL,NULL,80,NULL,'benny.bao@bstek.com','可根据权限设置来决定是否需要将报表设置为只读的状态。')
INSERT INTO SAMPLE VALUES('a727403a6187044817c65309113a8eabe1d7fec','典型界面','c91ab9e973f25cc148e0abfc113a56b38a28000',1,NULL,0,NULL,40,NULL,NULL,'一些常见的较为复杂的应用界面的例程.')
INSERT INTO SAMPLE VALUES('a727403a6187044817c65309113a8eabe1d7fed','其它','a727403a6187044817c65309113a8eabe1d8000',1,NULL,0,NULL,80,NULL,NULL,NULL)
INSERT INTO SAMPLE VALUES('a727403a6187044817c65309113a8eabe1d7fee','布局','a727403a6187044817c65309113a8eabe1d8000',1,NULL,0,NULL,70,NULL,NULL,'<p>dorado 5中的所有可视化控件都已直接支持流式布局和绝对定位布局, 我们可以通过直接在控件的标签中
定义它们的位置和大小. 如果不为控件定义left和top属性那么控件将遵照流式布局进行定位. 例如:</p>
<p>&lt;d:SubWindow&nbsp;id=&quot;window1&quot;&nbsp;
left=&quot;20&quot;&nbsp;top=&quot;20&quot;&nbsp;width=&quot;100&quot;&nbsp;height=&quot;80&quot;
/&gt;</p>
<br>
<p>除此之外, 您也可是使用dorado提供的一下几种方式简化您的页面布局工作.</p>
<li>布局管理器</li>
<li>子窗体</li>
<li>页面分割器</li>
<li>自动表单</li>
<li>多页标签</li>')
INSERT INTO SAMPLE VALUES('a727403a6187044817c65309113a8eabe1d7fef','树','a727403a6187044817c65309113a8eabe1d8000',1,NULL,0,NULL,50,NULL,NULL,NULL)
INSERT INTO SAMPLE VALUES('a727403a6187044817c65309113a8eabe1d7ff1','表单','a727403a6187044817c65309113a8eabe1d8000',1,NULL,0,NULL,40,NULL,NULL,NULL)
INSERT INTO SAMPLE VALUES('a727403a6187044817c65309113a8eabe1d7ff2','表格','a727403a6187044817c65309113a8eabe1d8000',1,NULL,0,NULL,30,NULL,NULL,NULL)
INSERT INTO SAMPLE VALUES('a727403a6187044817c65309113a8eabe1d7ff3','数据处理','a727403a6187044817c65309113a8eabe1d8000',1,NULL,0,NULL,20,NULL,NULL,'关于dorado5对数据的查询和提交处理的各种例程.')
INSERT INTO SAMPLE VALUES('a727403a6187044817c65309113a8eabe1d7ff4','大数据量复制','a727403a6187044817c65309113a8eabe1d7ffd',0,'performance/test-performance3.jsp',0,'copyRecord insertRecords disableControls enableControls refreshControls',30,NULL,'benny.bao@bstek.com',NULL)
INSERT INTO SAMPLE VALUES('a727403a6187044817c65309113a8eabe1d7ff5','大数据量展示','a727403a6187044817c65309113a8eabe1d7ffd',0,'performance/test-performance2.jsp',0,'autoLoadPage pageSize',20,NULL,'benny.bao@bstek.com','dorado5大大提高了表格性能,可满足单页超大数据量展示.')
INSERT INTO SAMPLE VALUES('a727403a6187044817c65309113a8eabe1d7ff6','复杂界面','a727403a6187044817c65309113a8eabe1d7ffd',0,'performance/test-performance1.jsp',0,NULL,10,NULL,'benny.bao@bstek.com','dorado5的BRich Client采用了懒装载的方式来处理高复杂程度的界面.对于那些包含TabSet,SubWindow,GroupBox等控件的界面,dorado可以在这些容器真正被激活的时候才执行内部控件的初试化操作.这样, 复杂界面的初次载入速度就将大大的得到提高。')
INSERT INTO SAMPLE VALUES('a727403a6187044817c65309113a8eabe1d7ff7','AJAX特性','a727403a6187044817c65309113a8eabe1d7fed',0,'skills/other/ajax.jsp',0,'XMLHttp',10,NULL,'benny.bao@bstek.com','dorado5中包含了对AJAX的实现。开发人员可以利用RPCCommand、QueryCommand、UpdateCommand、Dataset等控件轻松的实现具有AJAX特征的网络应用。')
INSERT INTO SAMPLE VALUES('a727403a6187044817c65309113a8eabe1d7ff8','主从绑定1','a727403a6187044817c65309113a8eabe1d7ff3',0,'skills/data/master-detail1.jsp',0,'Dataset MasterDetailLink',40,NULL,'benny.bao@bstek.com','采用了更加高效的主从表实现方式, 可支持对从表的分页查询')
INSERT INTO SAMPLE VALUES('a727403a6187044817c65309113a8eabe1d7ff9','更易用的树','a727403a6187044817c65309113a8eabe1d7fef',0,'skills/tree/nav-tree.jsp',0,'Tree DataTree',10,NULL,'benny.bao@bstek.com','<li>DataTree已支持真正的Dataset绑定功能, 树结点可以实时的体现最新的数据变化.</li>
<li>可支持完全通过配置定义递归树.</li>
<li>DataTree可以自动在Server端构造节点, 可支持在Server端预置展开级别.</li>
<li>支持树节点的拖拽.</li>')
INSERT INTO SAMPLE VALUES('a727403a6187044817c65309113a8eabe1d7ffa','视图重用与门户','a727403a6187044817c65309113a8eabe1d7fed',0,'skills/other/namespace.jsp',0,'SubWindow',40,NULL,'benny.bao@bstek.com','<p>由于技术的限制, 目前所知的绝大多数基于JavaScript的RIA产品都不能很好的兼容门户(Portal)!</p>
<p>现在dorado 5中提供的ViewModel已能够支持命名空间(Namespace), 这样dorado 5就可以很好的实现
视图模型的重用和兼容门户(Portal)了.</p>')
INSERT INTO SAMPLE VALUES('a727403a6187044817c65309113a8eabe1d7ffc','全新设计的表格','a727403a6187044817c65309113a8eabe1d7ff2',0,'skills/table/table.jsp',0,'DataTable',10,NULL,'benny.bao@bstek.com','<li>全新的表格操作方式,可支持对超大数据集的动态分批下载.让用户告别分页的浏览方式.</li>
<li>可支持表格列的动态大小调整和列拖动.</li>
<li>可锁定的表格标题栏和合计栏.</li>
<li>可锁定的表格左边列. 并可通过拖拽动态改变锁定列.</li>
<li>支持对表格行进行拖动换序.</li>
<li>支持组合表头.</li>
<li>全新定义的表格模型可支持动态增删列等高级功能. 请尝试单击表格的左上角按钮或在激活表格后按下CTRL+T.</li>
<li>支持自定义CellRenderer和CellEditor.</li>
<li>支持的通过键盘操作完成对表格数据的编辑.</li>')
INSERT INTO SAMPLE VALUES('a727403a6187044817c65309113a8eabe1d7ffd','性能测试','c91ab9e973f25cc148e0abfc113a56b38a28000',1,NULL,0,NULL,60,NULL,NULL,NULL)
INSERT INTO SAMPLE VALUES('a727403a6187044817c65309113a8eabe1d7ffe','集成','c91ab9e973f25cc148e0abfc113a56b38a28000',1,NULL,0,NULL,50,NULL,NULL,NULL)
INSERT INTO SAMPLE VALUES('a727403a6187044817c65309113a8eabe1d7fff','BRich(Client端的MVC)','c91ab9e973f25cc130b8e030113bb460e688000',0,'skills/architecture/brich.jsp',0,'架构 数据联动',10,NULL,'benny.bao@bstek.com','<p>MVC最常在J2EE的架构模式中被提及, 可事实上MVC的适用面非常广.</p>
<p>dorado大胆的将MVC模式引入了浏览器Client端, 以独有的Dataset对象来管理各种复杂的数据模型.
令基于dorado的BS应用呈现出了前所未有的操作性.</p>')
INSERT INTO SAMPLE VALUES('a727403a6187044817c65309113a8eabe1d8000','分类示例','c91ab9e973f25cc148e0abfc113a56b38a28000',1,NULL,0,NULL,20,NULL,NULL,NULL)
INSERT INTO SAMPLE VALUES('a727403a6187044844c5636b113b34a7dd17fff','录入辅助(下拉框)','a727403a6187044817c65309113a8eabe1d7ff1',0,'skills/form/input-assist/input-assist.jsp',0,'DropDown RadioGroup warmUpDelay',20,NULL,'benny.bao@bstek.com','dorado 5为您提供了这种功能丰富而又灵活的下拉框等输入项,这些特性可以有效的改善应用在输入录入方面的易用性.
')
INSERT INTO SAMPLE VALUES('a727403a6187044844c5636b113b34a7dd18000','客户端编程','a727403a6187044817c65309113a8eabe1d7ff3',0,'skills/data/brich-model.jsp',0,'二次开发 扩展 事件 脚本 API接口',30,NULL,'benny.bao@bstek.com','dorado的BRich Client具有完整的对象模型和强大事件机制.')
INSERT INTO SAMPLE VALUES('c91ab9e973f25cc113f0c734113bac4ef2b7fff','其他控件','a727403a6187044817c65309113a8eabe1d8000',1,NULL,0,NULL,60,NULL,NULL,NULL)
INSERT INTO SAMPLE VALUES('c91ab9e973f25cc113f0c734113bac4ef2b8000','动态及跨框架的数据绑定','a727403a6187044817c65309113a8eabe1d7fed',0,'skills/other/dyna-binding/dyna-binding.jsp',0,NULL,50,NULL,'benny.bao@bstek.com','本例演示了如何实现动态的数据绑定、跨越浏览器框架的数据绑定.')
INSERT INTO SAMPLE VALUES('c91ab9e973f25cc1189d9e22113b5cc6b317ffe','树型表格','a727403a6187044817c65309113a8eabe1d7fef',0,'skills/tree/treegrid.jsp',0,'TreeGrid',30,NULL,'benny.bao@bstek.com','<p>树型表格是一种树状列表和可编辑表格的结合体, 能够是用户以更加有效的方式浏览和编辑数据.</p>
<p>树型表格尤其在制作项目进度表、甘特图方面有着非常广泛的应用.</p>')
INSERT INTO SAMPLE VALUES('c91ab9e973f25cc1189d9e22113b5cc6b317fff','数据绑定树','a727403a6187044817c65309113a8eabe1d7fef',0,'skills/tree/datatree.jsp',0,'Tree DataTree',20,NULL,'benny.bao@bstek.com','数据树可以使您通过简单的设置快速的定义出多种类新的树状列表.')
INSERT INTO SAMPLE VALUES('c91ab9e973f25cc1189d9e22113b5cc6b318000','Outlook栏','c91ab9e973f25cc113f0c734113bac4ef2b7fff',0,'skills/controls/outlookbar.jsp',0,'OutlookBar',10,NULL,'benny.bao@bstek.com',NULL)
INSERT INTO SAMPLE VALUES('c91ab9e973f25cc120103e22113b5ddf5da7ffd','GoogleMap集成','df628b87baa15d26373f7974113f22f38ed8000',0,'integration/google-map.jsp',0,'地图',10,NULL,'william.jiang@bstek.com',NULL)
INSERT INTO SAMPLE VALUES('c91ab9e973f25cc120103e22113b5ddf5da7ffe','Dataset数据导出','df628b87baa15d265de74d8511401e0813e8000',0,'report/excel/export2excel.jsp',0,NULL,90,NULL,'benny.bao@bstek.com','利用dorado提供的Export2ExcelCommand可以非常方便的实现Excel格式的数据导出或文件下载功能.')
INSERT INTO SAMPLE VALUES('c91ab9e973f25cc120103e22113b5ddf5da7fff','菜单','c91ab9e973f25cc113f0c734113bac4ef2b7fff',0,'skills/controls/menu.jsp',0,'Menu MenuBar OutlookBar popupContainer',20,NULL,'benny.bao@bstek.com','功能齐全、样式多变的各式菜单.')
INSERT INTO SAMPLE VALUES('c91ab9e973f25cc120103e22113b5ddf5da8000','日历','c91ab9e973f25cc113f0c734113bac4ef2b7fff',0,'skills/controls/calendar.jsp',0,'Calendar',30,NULL,'benny.bao@bstek.com','dorado 5中新增加的日历控件使您可以很方便的开发出类似日程表这样的应用.')
INSERT INTO SAMPLE VALUES('c91ab9e973f25cc130b8e030113bb460e688000','架构','a727403a6187044817c65309113a8eabe1d8000',1,NULL,NULL,NULL,10,NULL,NULL,NULL)
INSERT INTO SAMPLE VALUES('c91ab9e973f25cc13170d2e9113b91a3fe88000','角色授权','a727403a6187044817c65309113a8eabe1d7fed',0,'skills/other/role-config.jsp',0,'权限 授权',30,NULL,'benny.bao@bstek.com','<p>例子通过dorado的角色配置文件可以方便的实现对界面显示控制.</p>
<p>在应用程序当中我们常常会需要这种功能, 即同一组界面当不同的用户访问时这组界面需要以不尽相同的方式展现给用户.<br>
例如: 表格中的"价格"信息只有当"部门经理"及更高职位的用户访问时才可见, 而对于其它用户则是隐藏的.<br>
这种逻辑规则可以非常方便的利用dorado中的role文件来进行描述.</p>')
INSERT INTO SAMPLE VALUES('c91ab9e973f25cc1403d2afb113b80b51057ffe','联动下拉框','a727403a6187044817c65309113a8eabe1d7ff1',0,'skills/form/cascade-dropdown.jsp',0,NULL,30,NULL,'benny.bao@bstek.com','演示如何制作一组具有联动关系的下拉框.')
INSERT INTO SAMPLE VALUES('c91ab9e973f25cc1403d2afb113b80b51057fff','产品目录树维护','a727403a6187044817c65309113a8eabe1d7fef',0,'skills/tree/product-tree.jsp',0,NULL,40,NULL,'benny.bao@bstek.com',NULL)
INSERT INTO SAMPLE VALUES('c91ab9e973f25cc1403d2afb113b80b51058000','合同管理','a727403a6187044817c65309113a8eabe1d7fec',0,'complex/contract/contract-query.jsp',0,NULL,20,NULL,'benny.bao@bstek.com',NULL)
INSERT INTO SAMPLE VALUES('c91ab9e973f25cc146474e11113b90ff95a7ffd','CSS测试','c91ab9e973f25cc146474e11113b90ff95a8000',0,'skills/table/test/table-css.jsp',0,'样式 皮肤 Skin CSS StyleSheet',30,NULL,'william.jiang@bstek.com',NULL)
INSERT INTO SAMPLE VALUES('c91ab9e973f25cc146474e11113b90ff95a7ffe','事件测试','c91ab9e973f25cc146474e11113b90ff95a8000',0,'skills/table/test/table-events.jsp',0,'Event',20,NULL,'william.jiang@bstek.com',NULL)
INSERT INTO SAMPLE VALUES('c91ab9e973f25cc146474e11113b90ff95a7fff','属性测试','c91ab9e973f25cc146474e11113b90ff95a8000',0,'skills/table/test/table-properties.jsp',0,NULL,10,NULL,'william.jiang@bstek.com',NULL)
INSERT INTO SAMPLE VALUES('c91ab9e973f25cc146474e11113b90ff95a8000','表格功能测试','a727403a6187044817c65309113a8eabe1d7ff2',1,NULL,0,NULL,60,NULL,NULL,NULL)
INSERT INTO SAMPLE VALUES('c91ab9e973f25cc148e0abfc113a56b38a28000','示例中心',NULL,1,NULL,0,NULL,0,NULL,NULL,'Sample Center是基于Dorado开发的一个范例集合，主要用于Dorado开发学习，
这些范例侧重于技术的分类演示，在实际应用中要注意灵活运用与综合使用。')
INSERT INTO SAMPLE VALUES('c91ab9e973f25cc166fc3b5f113b57b6cd17ffe','自动表单','a727403a6187044817c65309113a8eabe1d7ff1',0,'skills/form/autoform1.jsp',0,NULL,10,NULL,'benny.bao@bstek.com','<p>AutoForm是类似html中的form表单，用来显示和提交数据, 最终在页面上会由Dorado解析成一个普通的Form表单.</p>
<p>我们可以通过AutoForm的各种属性调整其中元素的排列方式, 以满足我们的需要.</p>
<p>同时我们还可以将一些外部的、独立的控件引入到AutoForm中, 让这些对象一起参与AutoForm的排列.</p>
')
INSERT INTO SAMPLE VALUES('c91ab9e973f25cc166fc3b5f113b57b6cd17fff','数据分组表格','a727403a6187044817c65309113a8eabe1d7ff2',0,'skills/table/groupable-column.jsp',0,'groupable',30,NULL,'benny.bao@bstek.com','支持省略重复值显示的表格')
INSERT INTO SAMPLE VALUES('c91ab9e973f25cc166fc3b5f113b57b6cd18000','自定义表格','a727403a6187044817c65309113a8eabe1d7ff2',0,'skills/table/custom-datatable.jsp',0,'customize onRefresh Column innerHTML',20,NULL,'benny.bao@bstek.com','开发人员可以通过DataTable提供的各种属性和事件对表格的显示方式进行定制.')
INSERT INTO SAMPLE VALUES('c91ab9e973f25cc167f626bb113b59106e87ffd','子窗体','a727403a6187044817c65309113a8eabe1d7fee',0,'skills/layout/subwindow.jsp',0,'SubWindow',40,NULL,'benny.bao@bstek.com','<p>子窗体具备一下特性:</p>
<li>可在运行期随意拖拽改变大小.</li>
<li>支持最大化, 最小化, 还原, 隐藏等操作.</li>
<li>支持排他式的显示模式, 可以模拟模态窗体的显示方式.</li>')
INSERT INTO SAMPLE VALUES('c91ab9e973f25cc167f626bb113b59106e87ffe','多页标签','a727403a6187044817c65309113a8eabe1d7fee',0,'skills/layout/tabset.jsp',0,'TabSet',30,NULL,'benny.bao@bstek.com','多页标签(TabSet)是用来生成一组标签页的控件对象, 达到在一张页面内显示多个页面内容的效果.</p>
<p>dorado中提供的多页标签既可以使用层也可以利用IFAME对页面布局进行管理.')
INSERT INTO SAMPLE VALUES('c91ab9e973f25cc167f626bb113b59106e87fff','页面分割器','a727403a6187044817c65309113a8eabe1d7fee',0,'skills/layout/splitpanel.jsp',0,'SplitPanel',20,NULL,'benny.bao@bstek.com','dorado 5中提供的SplitPanel控件使您不必频繁的在设计视图时使用FrameSet.
令您的工作前所未有的自由和轻松.')
INSERT INTO SAMPLE VALUES('c91ab9e973f25cc167f626bb113b59106e88000','布局管理器','a727403a6187044817c65309113a8eabe1d7fee',0,'skills/layout/layout-manager.jsp',0,'Layout Pane HFlow VFlow Border',10,NULL,'benny.bao@bstek.com','利用dorado提供的一组布局标签(TagLib)来辅助我们完成各种复杂的页面布局的定制.')
INSERT INTO SAMPLE VALUES('c91ab9e973f25cc17efcb559113b929ce067fff','图片展示及上传','a727403a6187044817c65309113a8eabe1d7fed',0,'skills/other/picture/picture.jsp',0,NULL,40,NULL,'benny.bao@bstek.com','图片的上传与下载')
INSERT INTO SAMPLE VALUES('c91ab9e973f25cc17efcb559113b929ce068000','动态数据树','a727403a6187044817c65309113a8eabe1d7fef',0,'skills/tree/dyna-datatree.jsp',0,'beforeExpandNode addNode TreeNode RecordTreeNode TreeLevel getTreeLevel',50,NULL,'benny.bao@bstek.com','本例演示了如何实现使用Dataset的flushData()方法实现完全代码级的数据查询，以及如何利用数据树作为查询结果的呈现载体。')
INSERT INTO SAMPLE VALUES('df628b87baa15d26373f7974113f22f38ed8000','GoogleMap','a727403a6187044817c65309113a8eabe1d7ffe',1,'http://www.google.com/apis/maps/',0,NULL,10,NULL,'william.jiang@bstek.com',NULL)
INSERT INTO SAMPLE VALUES('df628b87baa15d265de74d8511401e0813e7fff','TreeGrid数据导出','df628b87baa15d265de74d8511401e0813e8000',0,'report/excel/exprot-treegrid.jsp',0,NULL,100,NULL,'benny.bao@bstek.com',NULL)
INSERT INTO SAMPLE VALUES('df628b87baa15d265de74d8511401e0813e8000','Excel报表','e803aff66ee322714b2a66961144a4908328000',1,NULL,1,NULL,20,NULL,NULL,NULL)
INSERT INTO SAMPLE VALUES('df628b87baa15d2665710b66113f1c5da227ffc','综合图表','df628b87baa15d2665710b66113f1c5da228000',0,'integration/chart/combine/combine.jsp',NULL,'JFreeChart Pie 饼图',40,NULL,'jacky.gao@bstek.com',NULL)
INSERT INTO SAMPLE VALUES('df628b87baa15d2665710b66113f1c5da227ffd','甘特图','df628b87baa15d2665710b66113f1c5da228000',0,'integration/chart/gantt/gantt.jsp',NULL,'JFreeChart Gantt 项目进度',30,NULL,'jacky.gao@bstek.com',NULL)
INSERT INTO SAMPLE VALUES('df628b87baa15d2665710b66113f1c5da227ffe','条状图','df628b87baa15d2665710b66113f1c5da228000',0,'integration/chart/timeseries/time-series.jsp',0,'JFreeChart time-series',20,NULL,'jacky.gao@bstek.com',NULL)
INSERT INTO SAMPLE VALUES('df628b87baa15d2665710b66113f1c5da227fff','柱状图','df628b87baa15d2665710b66113f1c5da228000',0,'integration/chart/bar/bar.jsp',NULL,'JFreeChart bar',10,NULL,'jacky.gao@bstek.com',NULL)
INSERT INTO SAMPLE VALUES('df628b87baa15d2665710b66113f1c5da228000','JFreeChart图表','a727403a6187044817c65309113a8eabe1d7ffe',1,'http://www.jfree.org/jfreechart/',1,'cewolf Producer',20,NULL,'jacky.gao@bstek.com','一组用于演示如何利用JFreeChart建立图表的dorado示例')
INSERT INTO SAMPLE VALUES('e803aff66ee322714b2a66961144a4908327ffa','分组报表1','df628b87baa15d265de74d8511401e0813e8000',0,'report/excel/template-viewer.jsp?template=/report/excel/data-group1.report',0,NULL,50,NULL,'benny.bao@bstek.com',NULL)
INSERT INTO SAMPLE VALUES('e803aff66ee322714b2a66961144a4908327ffb','数据块','df628b87baa15d265de74d8511401e0813e8000',0,'report/excel/template-viewer.jsp?template=/report/excel/organization3.report',0,NULL,40,NULL,'benny.bao@bstek.com',NULL)
INSERT INTO SAMPLE VALUES('e803aff66ee322714b2a66961144a4908327ffc','小计与合计','df628b87baa15d265de74d8511401e0813e8000',0,'report/excel/template-viewer.jsp?template=/report/excel/organization2.report',0,NULL,30,NULL,'benny.bao@bstek.com',NULL)
INSERT INTO SAMPLE VALUES('e803aff66ee322714b2a66961144a4908327ffd','主从式报表','df628b87baa15d265de74d8511401e0813e8000',0,'report/excel/template-viewer.jsp?template=/report/excel/organization1.report',0,NULL,20,NULL,'benny.bao@bstek.com',NULL)
INSERT INTO SAMPLE VALUES('e803aff66ee322714b2a66961144a4908327ffe','简单的模版式报表','df628b87baa15d265de74d8511401e0813e8000',0,'report/excel/template-viewer.jsp?template=/report/excel/simple-report.report',0,NULL,10,NULL,'benny.bao@bstek.com',NULL)
INSERT INTO SAMPLE VALUES('e803aff66ee322714b2a66961144a4908327fff','含图表的报表','df628b87baa15d265de74d8511401e0813e8000',0,'report/excel/template-viewer.jsp?template=/report/excel/chart.report?dept_id=D11',0,NULL,70,NULL,'benny.bao@bstek.com',NULL)
INSERT INTO SAMPLE VALUES('e803aff66ee322714b2a66961144a4908328000','报表','c91ab9e973f25cc148e0abfc113a56b38a28000',1,NULL,NULL,NULL,30,NULL,NULL,NULL)

INSERT INTO START_SAMPLE VALUES('a727403a6187044817c65309113a8eabe1d7ff7',40)
INSERT INTO START_SAMPLE VALUES('a727403a6187044817c65309113a8eabe1d7ff9',30)
INSERT INTO START_SAMPLE VALUES('a727403a6187044817c65309113a8eabe1d7ffa',60)
INSERT INTO START_SAMPLE VALUES('a727403a6187044817c65309113a8eabe1d7ffc',20)
INSERT INTO START_SAMPLE VALUES('a727403a6187044817c65309113a8eabe1d7fff',10)
INSERT INTO START_SAMPLE VALUES('a727403a6187044844c5636b113b34a7dd17fff',50)
INSERT INTO START_SAMPLE VALUES('a727403a6187044844c5636b113b34a7dd18000',70)
INSERT INTO BRANCH VALUES('D1','北京分公司')
INSERT INTO BRANCH VALUES('D2','上海分公司')
INSERT INTO BRANCH VALUES('D3','深圳分公司')
INSERT INTO CATEGORY VALUES('1','分类1',NULL)
INSERT INTO CATEGORY VALUES('11','分类11','1')
INSERT INTO CATEGORY VALUES('111','分类111','11')
INSERT INTO CATEGORY VALUES('112','分类112','11')
INSERT INTO CATEGORY VALUES('12','分类12','1')
INSERT INTO CATEGORY VALUES('121','分类121','12')
INSERT INTO CATEGORY VALUES('122','分类122','12')
INSERT INTO CATEGORY VALUES('13','分类13','1')
INSERT INTO CATEGORY VALUES('14','分类14','1')
INSERT INTO CATEGORY VALUES('2','分类2',NULL)
INSERT INTO CATEGORY VALUES('21','分类21','2')
INSERT INTO CATEGORY VALUES('211','分类211','21')
INSERT INTO CATEGORY VALUES('212','分类212','21')
INSERT INTO CATEGORY VALUES('22','分类22','2')
INSERT INTO CATEGORY VALUES('23','分类23','2')
INSERT INTO CATEGORY VALUES('3','分类3',NULL)
INSERT INTO CATEGORY VALUES('31','分类31','3')
INSERT INTO CATEGORY VALUES('311','分类311','31')
INSERT INTO CATEGORY VALUES('312','分类312','31')
INSERT INTO CATEGORY VALUES('313','分类313','31')
INSERT INTO CATEGORY VALUES('32','分类32','3')
INSERT INTO CATEGORY VALUES('33','分类33','3')
INSERT INTO CATEGORY VALUES('34','分类34','3')
INSERT INTO CATEGORY VALUES('35','分类35','3')
INSERT INTO DEPT VALUES('D11','D1','北京-软件研发部')
INSERT INTO DEPT VALUES('D12','D1','北京-软件产品支持部')
INSERT INTO DEPT VALUES('D13','D1','北京-软件销售部')
INSERT INTO DEPT VALUES('D14','D1','北京-软件技术支持部')
INSERT INTO DEPT VALUES('D21','D2','上海-软件研发部')
INSERT INTO DEPT VALUES('D22','D2','上海-软件产品支持部')
INSERT INTO DEPT VALUES('D23','D2','上海-软件销售部')
INSERT INTO DEPT VALUES('D24','D2','上海-软件技术支持部')
INSERT INTO DEPT VALUES('D31','D3','深圳-软件研发部')
INSERT INTO DEPT VALUES('D32','D3','深圳-软件产品支持部')
INSERT INTO DEPT VALUES('D33','D3','深圳-软件销售部')
INSERT INTO DEPT VALUES('D34','D3','深圳-软件技术支持部')
INSERT INTO EMPLOYEE VALUES('ANLIN','D12','安林',0,'1980-05-17 00:00:00.000',1,2527.0,'硕士','changlin@mailServer.com','www.changlin.com',NULL,NULL)
INSERT INTO EMPLOYEE VALUES('BAIXIAOBO','D12','白小波',1,'1979-05-10 00:00:00.000',1,2034.0,'硕士','chenbo@mailServer.com','www.chenbo.com','爱好足球、游泳
信奉基督教',NULL)
INSERT INTO EMPLOYEE VALUES('CHENGYU','D13','程玉',0,'1973-02-18 00:00:00.000',0,6020.0,'大专','chengyu@mailServer.com','www.chengyu.com',NULL,NULL)
INSERT INTO EMPLOYEE VALUES('CHENHAO','D24','陈昊',1,'1979-10-07 00:00:00.000',0,3015,'博士','chenhao@mailServer.com','www.chenhao.com','',NULL)
INSERT INTO EMPLOYEE VALUES('DENGIUXIAN','D21','邓秀贤',0,'1972-04-11 00:00:00.000',1,3384.0,'本科','chenxiuxian@mailServer.com','www.chenxiuxian.com','DSR项目负责人
Jet2002作者',NULL)
INSERT INTO EMPLOYEE VALUES('FANGSHIZE','D33','方世泽',1,'1973-03-29 00:00:00.000',0,5878,'高中','fangshize@mailServer.com','www.fangshize.com',NULL,NULL)
INSERT INTO EMPLOYEE VALUES('FENGJIE','D14','冯婕',0,'1975-07-05 00:00:00.000',1,3613,'博士','fengjie@mailServer.com','www.fengjie.com',NULL,NULL)
INSERT INTO EMPLOYEE VALUES('GUAILING','D13','古爱玲',0,'1976-08-06 00:00:00.000',0,2828,'中专','guailing@mailServer.com','www.guailing.com',NULL,NULL)
INSERT INTO EMPLOYEE VALUES('GUOJINGLONG','D23','郭景龙',1,'1979-09-11 00:00:00.000',1,3877,'中专','guojinglong@mailServer.com','www.guojinglong.com',NULL,NULL)
INSERT INTO EMPLOYEE VALUES('GUOLIWEI','D11','国莅伟',0,'1978-11-15 00:00:00.000',0,4900,'本科','guoliwei@mailServer.com','www.guoliwei.com',NULL,'1119466836427.gif')
INSERT INTO EMPLOYEE VALUES('HETAO','D34','何涛',1,'1978-10-14 00:00:00.000',0,2410,'博士后','hetao@mailServer.com','www.hetao.com',NULL,NULL)
INSERT INTO EMPLOYEE VALUES('HEZONGSI','D14','何宗思',1,'1976-03-15 00:00:00.000',1,4373,'大专','hezongsi@mailServer.com','www.hezongsi.com','书法特长',NULL)
INSERT INTO EMPLOYEE VALUES('HONGJINGZHU','D33','红景柱',1,'1979-03-09 00:00:00.000',0,2352,'大专','hongjingzhu@mailServer.com','www.hongjingzhu.com',NULL,NULL)
INSERT INTO EMPLOYEE VALUES('HUAYUYAN','D23','华玉岩',0,'1978-11-03 00:00:00.000',0,6204,'大专','huayuyan@mailServer.com','www.huayuyan.com',NULL,NULL)
INSERT INTO EMPLOYEE VALUES('HUWENPENG','D13','胡文鹏',1,'1979-12-22 00:00:00.000',1,2298,'高中','huwenpeng@mailServer.com','www.huwenpeng.com',NULL,NULL)
INSERT INTO EMPLOYEE VALUES('JIANGLEI','D21','姜磊',1,'1974-08-29 00:00:00.000',0,3466,'硕士','jianglei@mailServer.com','www.jianglei.com',NULL,NULL)
INSERT INTO EMPLOYEE VALUES('JINYI','D12','金一',0,'1972-10-13 00:00:00.000',0,6586,'大专','jinyi@mailServer.com','www.jinyi.com',NULL,NULL)
INSERT INTO EMPLOYEE VALUES('LIFUYING','D34','李福迎',1,'1978-07-22 00:00:00.000',0,3839,'高中','lifuying@mailServer.com','www.lifuying.com',NULL,NULL)
INSERT INTO EMPLOYEE VALUES('LINJUN','D24','林俊',1,'1977-11-06 00:00:00.000',1,5873,'本科','linjun@mailServer.com','www.linjun.com',NULL,NULL)
INSERT INTO EMPLOYEE VALUES('LIUHUAI','D34','刘怀',1,'1980-01-19 00:00:00.000',0,3639,'博士后','liuhuai@mailServer.com','www.liuhuai.com',NULL,NULL)
INSERT INTO EMPLOYEE VALUES('LIUJIANGUO','D24','刘建国',1,'1973-07-31 00:00:00.000',0,5488,'高中','liujianguo@mailServer.com','www.liujianguo.com',NULL,NULL)
INSERT INTO EMPLOYEE VALUES('LIUSHAONAN','D21','刘少南',1,'1977-11-28 00:00:00.000',1,6001,'本科','liushaonan@mailServer.com','www.liushaonan.com',NULL,NULL)
INSERT INTO EMPLOYEE VALUES('LIUYUNBO','D22','刘云波',1,'1977-11-26 00:00:00.000',0,5589,'大专','liuyunbo@mailServer.com','www.liuyunbo.com',NULL,NULL)
INSERT INTO EMPLOYEE VALUES('LIUZHANWEI','D13','刘占卫',1,'1977-01-21 00:00:00.000',0,3533,'本科','liuzhanwei@mailServer.com','www.liuzhanwei.com',NULL,NULL)
INSERT INTO EMPLOYEE VALUES('LIXINMIN','D23','李新民',1,'1973-03-29 00:00:00.000',1,2813,'博士','lixinmin@mailServer.com','www.lixinmin.com',NULL,NULL)
INSERT INTO EMPLOYEE VALUES('LIZHENGXIN','D31','李正欣',0,'1979-07-26 00:00:00.000',0,3603,'中专','lizhengxin@mailServer.com','www.lizhengxin.com',NULL,NULL)
INSERT INTO EMPLOYEE VALUES('MASHUQI','D21','马树奇',1,'1977-09-17 00:00:00.000',0,4330,'硕士','mashuqi@mailServer.com','www.mashuqi.com',NULL,NULL)
INSERT INTO EMPLOYEE VALUES('MAWENLIANG','D33','马文良',1,'1975-06-28 00:00:00.000',1,3233,'大专','mawenliang@mailServer.com','www.mawenliang.com',NULL,NULL)
INSERT INTO EMPLOYEE VALUES('NAXIN','D34','那鑫',0,'1976-01-01 00:00:00.000',0,6128,'高中','naxin@mailServer.com','www.naxin.com',NULL,NULL)
INSERT INTO EMPLOYEE VALUES('PANLONG','D11','盘龙',1,'1976-04-03 00:00:00.000',0,3395,'硕士','panlong@mailServer.com','www.panlong.com','','1119466841294.gif')
INSERT INTO EMPLOYEE VALUES('QIUZHONGPAN','D13','邱仲潘',1,'1971-02-14 00:00:00.000',0,4408,'小学','qiuzhongpan@mailServer.com','www.qiuzhongpan.com',NULL,NULL)
INSERT INTO EMPLOYEE VALUES('SHENGCHANLI','D31','盛传丽',0,'1981-12-10 00:00:00.000',1,6371,'大专','shengchanli@mailServer.com','www.shengchanli.com',NULL,NULL)
INSERT INTO EMPLOYEE VALUES('TONGDAWEI','D31','佟大为',1,'1975-02-15 00:00:00.000',0,3436,'高中','tongdawei@mailServer.com','www.tongdawei.com',NULL,NULL)
INSERT INTO EMPLOYEE VALUES('WANGDONG','D34','王栋',1,'1979-02-13 00:00:00.000',0,5863,'本科','wangdong@mailServer.com','www.wangdong.com',NULL,NULL)
INSERT INTO EMPLOYEE VALUES('WANGWEIBIN','D13','王维斌',1,'1979-10-16 00:00:00.000',1,6882,'本科','wangweibin@mailServer.com','www.wangweibin.com',NULL,NULL)
INSERT INTO EMPLOYEE VALUES('WANGWENQING','D34','王文清',0,'1972-01-21 00:00:00.000',0,4462,'博士','wangwenqing@mailServer.com','www.wangwenqing.com',NULL,NULL)
INSERT INTO EMPLOYEE VALUES('WANGXIAODONG','D31','王小栋',1,'1980-03-08 00:00:00.000',0,6439,'中专','wangxiaodong@mailServer.com','www.wangxiaodong.com',NULL,NULL)
INSERT INTO EMPLOYEE VALUES('WANGYONGFU','D24','王永富',1,'1976-06-18 00:00:00.000',1,6136,'本科','wangyongfu@mailServer.com','www.wangyongfu.com',NULL,NULL)
INSERT INTO EMPLOYEE VALUES('WANGYOUMING','D34','王友明',1,'1975-02-13 00:00:00.000',1,2101,'博士后','wangyouming@mailServer.com','www.wangyouming.com',NULL,NULL)
INSERT INTO EMPLOYEE VALUES('WANGZAIYI','D23','王在义',1,'1977-04-14 00:00:00.000',1,2705,'本科','wangzaiyi@mailServer.com','www.wangzaiyi.com',NULL,NULL)
INSERT INTO EMPLOYEE VALUES('WANGZHOULIANG','D21','王忠亮',1,'1971-08-30 00:00:00.000',0,2717,'中专','wangzhouliang@mailServer.com','www.wangzhouliang.com',NULL,NULL)
INSERT INTO EMPLOYEE VALUES('WUZHNGMIN','D21','吴忠民',1,'1973-08-27 00:00:00.000',1,4504,'中专','wuzhngmin@mailServer.com','www.wuzhngmin.com',NULL,NULL)
INSERT INTO EMPLOYEE VALUES('XIAOGUIFENG','D22','肖桂峰',1,'1979-05-24 00:00:00.000',1,2108,'博士','xiaoguifeng@mailServer.com','www.xiaoguifeng.com',NULL,NULL)
INSERT INTO EMPLOYEE VALUES('XINLIANBO','D11','辛连波',1,'1976-09-06 00:00:00.000',1,4964,'本科','xinlianbo@mailServer.com','www.xinlianbo.com',NULL,'1119466845971.gif')
INSERT INTO EMPLOYEE VALUES('XUEYI','D33','薛毅',1,'1978-02-07 00:00:00.000',1,2048,'大专','xueyi@mailServer.com','www.xueyi.com',NULL,NULL)
INSERT INTO EMPLOYEE VALUES('XULIJUN','D32','许立军',1,'1978-12-19 00:00:00.000',0,5872,'本科','xulijun@mailServer.com','www.xulijun.com',NULL,NULL)
INSERT INTO EMPLOYEE VALUES('XUXINHUA','D14','徐新华',1,'1970-01-21 00:00:00.000',1,5253,'硕士','xuxinhua@mailServer.com','www.xuxinhua.com',NULL,NULL)
INSERT INTO EMPLOYEE VALUES('YANGJIANLI','D32','杨建利',1,'1974-08-30 00:00:00.000',0,5852,'本科','yangjianli@mailServer.com','www.yangjianli.com',NULL,NULL)
INSERT INTO EMPLOYEE VALUES('YANGXIAOBIN','D11','杨晓斌',0,'1972-03-09 00:00:00.000',0,5545,'硕士','yangxiaobin@mailServer.com','www.yangxiaobin.com',NULL,'1119466851909.gif')
INSERT INTO EMPLOYEE VALUES('YIXIN','D11','依心',0,'1976-09-01 00:00:00.000',0,2745,'大专','yixin@mailServer.com','www.renzaixin.com',NULL,'1119466859200.gif')
INSERT INTO EMPLOYEE VALUES('YUJUN','D11','于俊',1,'1979-10-04 00:00:00.000',1,4787,'中专','yujun@mailServer.com','www.yujun.com',NULL,'1119466863436.gif')
INSERT INTO EMPLOYEE VALUES('ZHANGDEBIN','D14','张德斌',1,'1971-04-28 00:00:00.000',0,3030,'博士','zhangdebin@mailServer.com','www.zhangdebin.com',NULL,NULL)
INSERT INTO EMPLOYEE VALUES('ZHANGLIANG','D23','张量',1,'1977-02-08 00:00:00.000',1,5405,'本科','zhangliang@mailServer.com','www.zhangliang.com',NULL,NULL)
INSERT INTO EMPLOYEE VALUES('ZHANGSHIBIN','D12','张世斌',1,'1972-08-13 00:00:00.000',1,4964,'本科','zhangshibin@mailServer.com','www.zhangshibin.com',NULL,NULL)
INSERT INTO EMPLOYEE VALUES('ZHANGXINEN','D21','张秀恩',0,'1979-07-30 00:00:00.000',1,6777,'硕士','zhangxinen@mailServer.com','www.zhangxinen.com',NULL,NULL)
INSERT INTO EMPLOYEE VALUES('ZHANGYUEYOU','D23','张悦友',1,'1978-05-22 00:00:00.000',1,5220,'中专','zhangyueyou@mailServer.com','www.zhangyueyou.com',NULL,NULL)
INSERT INTO EMPLOYEE VALUES('ZHENGQI','D13','郑琪',0,'1970-02-14 00:00:00.000',0,6991,'本科','zhengqi@mailServer.com','www.zhengqi.com',NULL,NULL)
INSERT INTO EMPLOYEE VALUES('ZHOUSHUQING','D12','周淑清',0,'1976-11-16 00:00:00.000',0,3218,'博士','zhoushuqing@mailServer.com','www.zhoushuqing.com',NULL,NULL)
INSERT INTO EMPLOYEE VALUES('ZHOUZHENYA','D22','周振亚',1,'1977-10-23 00:00:00.000',0,5380,'本科','zhouzhenya@mailServer.com','www.zhouzhenya.com',NULL,NULL)
INSERT INTO EMPLOYEE VALUES('ZHUJUN','D14','朱军',1,'1973-07-15 00:00:00.000',1,3478,'本科','zhujun@mailServer.com','www.zhujun.com',NULL,NULL)

INSERT INTO PROJECT VALUES(1,'软件需求',NULL,'2005-06-07 00:00:00.000','2005-06-20 00:00:00.000','ANLIN','HONGJINGZHU',40)
INSERT INTO PROJECT VALUES(2,'概要设计',NULL,'2005-06-20 00:00:00.000','2005-07-01 00:00:00.000','LIZHENGXIN','XULIJUN',20)
INSERT INTO PROJECT VALUES(3,'数据库设计',NULL,'2005-07-02 00:00:00.000','2005-07-15 00:00:00.000','XULIJUN','BAIXIAOBO',50)
INSERT INTO PROJECT VALUES(4,'详细设计',NULL,'2005-07-16 00:00:00.000','2005-08-10 00:00:00.000','XULIJUN','JINYI',30)
INSERT INTO PROJECT VALUES(5,'数据要求说明',NULL,'2005-08-07 00:00:00.000','2005-10-20 00:00:00.000','YIXIN','ZHUJUN',68)
INSERT INTO PROJECT VALUES(6,'测试分析',NULL,'2005-10-21 00:00:00.000','2005-12-20 00:00:00.000','YANGJIANLI','YANGJIANLI',49)
INSERT INTO PROJECT VALUES(11,'性能要求',1,'2005-06-07 00:00:00.000','2005-06-13 00:00:00.000','HONGJINGZHU','ANLIN',40)
INSERT INTO PROJECT VALUES(12,'数据管理要求',1,'2005-06-07 00:00:00.000','2005-06-15 00:00:00.000','YANGJIANLI','ANLIN',46)
INSERT INTO PROJECT VALUES(13,'故障处理要求',1,'2005-06-10 00:00:00.000','2005-06-17 00:00:00.000','HONGJINGZHU','ANLIN',54)
INSERT INTO PROJECT VALUES(21,'总体设计',2,'2005-06-20 00:00:00.000','2005-07-01 00:00:00.000','LIZHENGXIN','XULIJUN',20)
INSERT INTO PROJECT VALUES(22,'接口设计',2,'2005-06-20 00:00:00.000','2005-07-01 00:00:00.000','LIZHENGXIN','XULIJUN',20)
INSERT INTO PROJECT VALUES(23,'运行设计',2,'2005-06-20 00:00:00.000','2005-07-01 00:00:00.000','LIZHENGXIN','XULIJUN',20)
INSERT INTO PROJECT VALUES(24,'系统数据结构设计',2,'2005-06-20 00:00:00.000','2005-07-01 00:00:00.000','LIZHENGXIN','XULIJUN',20)
INSERT INTO PROJECT VALUES(31,'外部设计',3,'2005-07-02 00:00:00.000','2005-07-15 00:00:00.000','YANGJIANLI','JINYI',50)
INSERT INTO PROJECT VALUES(32,'结构设计',3,'2005-07-02 00:00:00.000','2005-07-15 00:00:00.000','YANGJIANLI','JINYI',50)
INSERT INTO PROJECT VALUES(33,'运用设计',3,'2005-07-02 00:00:00.000','2005-07-15 00:00:00.000','YANGJIANLI','JINYI',50)
INSERT INTO PROJECT VALUES(41,'程序系统结构',4,'2005-07-16 00:00:00.000','2005-08-10 00:00:00.000','ZHUJUN','ZHENGQI',30)
INSERT INTO PROJECT VALUES(42,'程序设计说明',4,'2005-07-16 00:00:00.000','2005-08-10 00:00:00.000','ZHUJUN','ZHENGQI',30)
INSERT INTO PROJECT VALUES(51,'数据的逻辑描述',5,'2005-08-07 00:00:00.000','2005-10-20 00:00:00.000','ZHENGQI','ZHUJUN',68)
INSERT INTO PROJECT VALUES(52,'数据的采集',5,'2005-08-07 00:00:00.000','2005-10-20 00:00:00.000','JINYI','YIXIN',68)
INSERT INTO PROJECT VALUES(61,'测试设计',6,'2005-10-21 00:00:00.000','2005-12-20 00:00:00.000','JINYI','ZHENGQI',49)
INSERT INTO PROJECT VALUES(111,'数据精度',11,'2005-06-07 00:00:00.000','2005-06-13 00:00:00.000','YANGJIANLI','YIXIN',40)
INSERT INTO PROJECT VALUES(112,'时间特性',11,'2005-06-07 00:00:00.000','2005-06-13 00:00:00.000','NAXIN','YIXIN',40)
INSERT INTO PROJECT VALUES(113,'灵活性',11,'2005-06-07 00:00:00.000','2005-06-13 00:00:00.000','NAXIN','LIZHENGXIN',40)
INSERT INTO PROJECT VALUES(121,'文件记录数量',12,'2005-06-07 00:00:00.000','2005-06-15 00:00:00.000','NAXIN','LIZHENGXIN',46)
INSERT INTO PROJECT VALUES(122,'表文卷的规模',12,'2005-06-07 00:00:00.000','2005-06-15 00:00:00.000','XUEYI','LIZHENGXIN',46)
INSERT INTO PROJECT VALUES(123,'增长数据估算',12,'2005-06-07 00:00:00.000','2005-06-15 00:00:00.000','XUEYI','LIZHENGXIN',46)
INSERT INTO PROJECT VALUES(131,'软件故障处理',13,'2005-06-07 00:00:00.000','2005-06-15 00:00:00.000','YANGXIAOBIN','NAXIN',46)
INSERT INTO PROJECT VALUES(132,'硬件故障处理',13,'2005-06-07 00:00:00.000','2005-06-15 00:00:00.000','YANGXIAOBIN','NAXIN',46)
INSERT INTO PROJECT VALUES(211,'需求规定',21,'2005-06-20 00:00:00.000','2005-07-01 00:00:00.000','LIZHENGXIN','XULIJUN',20)
INSERT INTO PROJECT VALUES(212,'运行环境',21,'2005-06-20 00:00:00.000','2005-07-01 00:00:00.000','LIZHENGXIN','XULIJUN',20)
INSERT INTO PROJECT VALUES(213,'流程处理',21,'2005-06-20 00:00:00.000','2005-07-01 00:00:00.000','LIZHENGXIN','XULIJUN',20)
INSERT INTO PROJECT VALUES(214,'结构',21,'2005-06-20 00:00:00.000','2005-07-01 00:00:00.000','LIZHENGXIN','XULIJUN',20)
INSERT INTO PROJECT VALUES(221,'用户接口',22,'2005-06-20 00:00:00.000','2005-07-01 00:00:00.000','LIZHENGXIN','XULIJUN',20)
INSERT INTO PROJECT VALUES(222,'外部接口',22,'2005-06-20 00:00:00.000','2005-07-01 00:00:00.000','LIZHENGXIN','XULIJUN',20)
INSERT INTO PROJECT VALUES(223,'内部接口',22,'2005-06-20 00:00:00.000','2005-07-01 00:00:00.000','LIZHENGXIN','XULIJUN',20)
INSERT INTO PROJECT VALUES(231,'运行模块组合',23,'2005-06-20 00:00:00.000','2005-07-01 00:00:00.000','LIZHENGXIN','XULIJUN',20)
INSERT INTO PROJECT VALUES(232,'运行控制',23,'2005-06-20 00:00:00.000','2005-07-01 00:00:00.000','LIZHENGXIN','YIXIN',20)
INSERT INTO PROJECT VALUES(233,'运行时间',23,'2005-06-20 00:00:00.000','2005-07-01 00:00:00.000','LIZHENGXIN','XULIJUN',20)
INSERT INTO PROJECT VALUES(241,'逻辑结构设计',24,'2005-06-20 00:00:00.000','2005-07-01 00:00:00.000','LIZHENGXIN','XULIJUN',20)
INSERT INTO PROJECT VALUES(242,'物理结构设计',24,'2005-06-20 00:00:00.000','2005-07-01 00:00:00.000','LIZHENGXIN','XULIJUN',20)
INSERT INTO PROJECT VALUES(243,'数据结构设计',24,'2005-06-20 00:00:00.000','2005-07-01 00:00:00.000','LIZHENGXIN','XULIJUN',20)
INSERT INTO PROJECT VALUES(311,'标识符和状态',31,'2005-07-02 00:00:00.000','2005-07-15 00:00:00.000','PANLONG','JIANGLEI',50)
INSERT INTO PROJECT VALUES(312,'约定',31,'2005-07-02 00:00:00.000','2005-07-15 00:00:00.000','PANLONG','JIANGLEI',50)
INSERT INTO PROJECT VALUES(313,'专门指导',31,'2005-07-02 00:00:00.000','2005-07-15 00:00:00.000','YANGJIANLI','JIANGLEI',50)
INSERT INTO PROJECT VALUES(314,'支持软件',31,'2005-07-02 00:00:00.000','2005-07-15 00:00:00.000','PANLONG','JIANGLEI',50)
INSERT INTO PROJECT VALUES(321,'概念设计',32,'2005-07-02 00:00:00.000','2005-07-15 00:00:00.000','PANLONG','JIANGLEI',50)
INSERT INTO PROJECT VALUES(322,'逻辑设计',32,'2005-07-02 00:00:00.000','2005-07-15 00:00:00.000','PANLONG','JIANGLEI',50)
INSERT INTO PROJECT VALUES(323,'物理设计',32,'2005-07-02 00:00:00.000','2005-07-15 00:00:00.000','PANLONG','YANGJIANLI',50)
INSERT INTO PROJECT VALUES(331,'数据字典设计',33,'2005-07-02 00:00:00.000','2005-07-15 00:00:00.000','PANLONG','JIANGLEI',50)
INSERT INTO PROJECT VALUES(332,'安全保密设计',33,'2005-07-02 00:00:00.000','2005-07-15 00:00:00.000','PANLONG','JIANGLEI',50)
INSERT INTO PROJECT VALUES(411,'系统模块名称标识符',41,'2005-07-16 00:00:00.000','2005-08-10 00:00:00.000','LIXINMIN','LIFUYING',30)
INSERT INTO PROJECT VALUES(412,'模块层次结构关系',41,'2005-07-16 00:00:00.000','2005-08-10 00:00:00.000','LIXINMIN','LIFUYING',30)
INSERT INTO PROJECT VALUES(421,'程序描述',42,'2005-07-16 00:00:00.000','2005-08-10 00:00:00.000','LIXINMIN','LIFUYING',30)
INSERT INTO PROJECT VALUES(422,'功能',42,'2005-07-16 00:00:00.000','2005-08-10 00:00:00.000','YANGXIAOBIN','LIFUYING',30)

INSERT INTO SCHEDULE VALUES(0,'2006-04-03 08:00:00.000','2006-04-03 08:00:00.000','外出','sss')
INSERT INTO SCHEDULE VALUES(1,'2006-04-25 09:00:00.000','2006-04-25 11:00:00.000','开会',NULL)
INSERT INTO SCHEDULE VALUES(2,'2006-04-25 08:00:00.000','2006-04-25 10:00:00.000','约会',NULL)
INSERT INTO SCHEDULE VALUES(3,'2006-04-27 08:00:00.000','2006-04-27 10:00:00.000','约会',NULL)
INSERT INTO SCHEDULE VALUES(11,'2006-04-28 08:00:00.000','2006-04-28 10:00:00.000','开会',NULL)
INSERT INTO SCHEDULE VALUES(12,'2006-04-28 08:00:00.000','2006-04-28 10:00:00.000','约会',NULL)
INSERT INTO SCHEDULE VALUES(13,'2006-04-12 08:00:00.000','2006-04-12 16:00:00.000','开会',NULL)
INSERT INTO SCHEDULE VALUES(14,'2006-04-17 08:00:00.000','2006-04-17 10:00:00.000','开会',NULL)
INSERT INTO SCHEDULE VALUES(15,'2006-04-03 08:00:00.000','2006-04-03 10:00:00.000','开会','讨论关于dorado5的开发和发布事宜.')
INSERT INTO SCHEDULE VALUES(16,'2006-04-03 19:00:00.000','2006-04-03 21:00:00.000','约会','庆祝生日')
INSERT INTO TEST_DETAIL VALUES(2,1,'DETAIL_0102',2089.32104178003E0)
INSERT INTO TEST_DETAIL VALUES(3,2,'DETAIL_0201',733.268557787572E0)
INSERT INTO TEST_DETAIL VALUES(4,2,'DETAIL_0202',7912.67263148364E0)
INSERT INTO TEST_DETAIL VALUES(5,1,'DETAIL_0101',706.429049733364E0)
INSERT INTO TEST_DETAIL VALUES(7,3,'DETAIL_0301',9083.52970697981E0)
INSERT INTO TEST_DETAIL VALUES(8,3,'DETAIL_0302',7410.15723261452E0)
INSERT INTO TEST_DETAIL VALUES(9,4,'TEST',3257.517440407728E0)
INSERT INTO TEST_DETAIL VALUES(10,5,'ttT',7925.650208412216E0)
INSERT INTO TEST_DETAIL VALUES(11,5,'TT',714.8059398622464E0)
INSERT INTO TEST_DETAIL VALUES(12,6,'s',7377.650902385442E0)
INSERT INTO TEST_MASTER VALUES(1,'MASTER_01',3864.7924797702E0,'2006-05-12 02:16:36.000')
INSERT INTO TEST_MASTER VALUES(2,'MASTER_02',9934.05087586145E0,'2006-04-28 16:52:26.000')
INSERT INTO TEST_MASTER VALUES(3,'MASTER_03',377.7381064275132E0,'2007-07-18 14:48:28.906')

INSERT INTO PRODUCT VALUES('001','产品001','11',NULL,NULL,NULL,NULL,NULL)
INSERT INTO PRODUCT VALUES('002','产品002','12',NULL,NULL,NULL,NULL,NULL)
INSERT INTO PRODUCT VALUES('003','产品003','111',NULL,NULL,NULL,NULL,NULL)
INSERT INTO PRODUCT VALUES('004','产品004','1',NULL,NULL,NULL,NULL,NULL)
INSERT INTO PRODUCT VALUES('005','产品005','111',NULL,NULL,NULL,NULL,NULL)
INSERT INTO PRODUCT VALUES('006','产品006','112',NULL,NULL,NULL,NULL,NULL)
INSERT INTO PRODUCT VALUES('007','产品007','121',NULL,NULL,NULL,NULL,NULL)
INSERT INTO PRODUCT VALUES('008','产品008','13',NULL,NULL,NULL,NULL,NULL)
INSERT INTO PRODUCT VALUES('009','产品009','12',NULL,NULL,NULL,NULL,NULL)
INSERT INTO PRODUCT VALUES('010','产品010','11',NULL,NULL,NULL,NULL,NULL)
INSERT INTO PRODUCT VALUES('011','产品011','12',NULL,NULL,NULL,NULL,NULL)
INSERT INTO PRODUCT VALUES('012','产品012','13',NULL,NULL,NULL,NULL,NULL)
INSERT INTO PRODUCT VALUES('013','产品013','1',NULL,NULL,NULL,NULL,NULL)
INSERT INTO PRODUCT VALUES('014','产品014','2',NULL,NULL,NULL,NULL,NULL)
INSERT INTO PRODUCT VALUES('015','产品015','21',NULL,NULL,NULL,NULL,NULL)
INSERT INTO PRODUCT VALUES('016','产品016','212',NULL,NULL,NULL,NULL,NULL)
INSERT INTO PRODUCT VALUES('017','产品017','211',NULL,NULL,NULL,NULL,NULL)
INSERT INTO PRODUCT VALUES('018','产品018','122',NULL,NULL,NULL,NULL,NULL)
INSERT INTO PRODUCT VALUES('019','产品019','13',NULL,NULL,NULL,NULL,NULL)
INSERT INTO PRODUCT VALUES('020','产品020','14',NULL,NULL,NULL,NULL,NULL)
INSERT INTO PRODUCT VALUES('021','产品021','14',NULL,NULL,NULL,NULL,NULL)
INSERT INTO PRODUCT VALUES('022','产品022','12',NULL,NULL,NULL,NULL,NULL)
INSERT INTO PRODUCT VALUES('023','产品023','13',NULL,NULL,NULL,NULL,NULL)
INSERT INTO PRODUCT VALUES('024','产品024','11',NULL,NULL,NULL,NULL,NULL)
INSERT INTO PRODUCT VALUES('025','产品025','2',NULL,NULL,NULL,NULL,NULL)
INSERT INTO PRODUCT VALUES('026','产品026','3',NULL,NULL,NULL,NULL,NULL)
INSERT INTO PRODUCT VALUES('027','产品027','3',NULL,NULL,NULL,NULL,NULL)
INSERT INTO PRODUCT VALUES('028','产品028','2',NULL,NULL,NULL,NULL,NULL)
INSERT INTO PRODUCT VALUES('029','产品029','21',NULL,NULL,NULL,NULL,NULL)
INSERT INTO PRODUCT VALUES('030','产品030','31',NULL,NULL,NULL,NULL,NULL)
INSERT INTO PRODUCT VALUES('031','产品031','21',NULL,NULL,NULL,NULL,NULL)
INSERT INTO PRODUCT VALUES('032','产品032','22',NULL,NULL,NULL,NULL,NULL)
INSERT INTO PRODUCT VALUES('033','产品033','23',NULL,NULL,NULL,NULL,NULL)
INSERT INTO PRODUCT VALUES('034','产品034','211',NULL,NULL,NULL,NULL,NULL)
INSERT INTO PRODUCT VALUES('035','产品035','212',NULL,NULL,NULL,NULL,NULL)
INSERT INTO PRODUCT VALUES('036','产品036','112',NULL,NULL,NULL,NULL,NULL)
INSERT INTO PRODUCT VALUES('037','产品037','111',NULL,NULL,NULL,NULL,NULL)
INSERT INTO PRODUCT VALUES('038','产品038','13',NULL,NULL,NULL,NULL,NULL)
INSERT INTO PRODUCT VALUES('039','产品039','113',NULL,NULL,NULL,NULL,NULL)
INSERT INTO PRODUCT VALUES('040','产品040','111',NULL,NULL,NULL,NULL,NULL)
INSERT INTO PRODUCT VALUES('041','产品041','21',NULL,NULL,NULL,NULL,NULL)
INSERT INTO PRODUCT VALUES('042','产品042','22',NULL,NULL,NULL,NULL,NULL)
INSERT INTO PRODUCT VALUES('043','产品043','21',NULL,NULL,NULL,NULL,NULL)
INSERT INTO PRODUCT VALUES('044','产品044','2',NULL,NULL,NULL,NULL,NULL)
INSERT INTO PRODUCT VALUES('045','产品045','3',NULL,NULL,NULL,NULL,NULL)
INSERT INTO PRODUCT VALUES('046','产品046','31',NULL,NULL,NULL,NULL,NULL)
INSERT INTO PRODUCT VALUES('047','产品047','21',NULL,NULL,NULL,NULL,NULL)
INSERT INTO PRODUCT VALUES('048','产品048','24',NULL,NULL,NULL,NULL,NULL)
INSERT INTO PRODUCT VALUES('049','产品049','23',NULL,NULL,NULL,NULL,NULL)
INSERT INTO PRODUCT VALUES('050','产品050','113',NULL,NULL,NULL,NULL,NULL)

INSERT INTO CONTRACT VALUES('SC060403','PANLONG','RAEBEL','2006-04-03','2006-04-08','上海',NULL,NULL)
INSERT INTO CONTRACT VALUES('SC060408','JINYI','SANDER','2006-05-16','2006-04-20','宁波',NULL,NULL)
INSERT INTO CONTRACT VALUES('SC060510','LIUZHANWEI','PLUSME','2006-05-16','2006-05-10','连云港',NULL,NULL)
INSERT INTO CONTRACT VALUES('SC060511','LIZHENGXIN','COMFY','2006-05-11','2006-05-31','厦门',NULL,NULL)
INSERT INTO CONTRACT VALUES('SC090511','GUOLIWEI','PEGGY','2009-05-12','2009-05-13','上海',NULL,NULL)
INSERT INTO CONTRACT_ITEMS VALUES(17,'SC060403','001',10.0E0,12.0E0,8.0E0,NULL)
INSERT INTO CONTRACT_ITEMS VALUES(18,'SC060403','010',20.0E0,75.0E0,65.0E0,NULL)
INSERT INTO CONTRACT_ITEMS VALUES(19,'SC060403','024',20.0E0,6.0E0,6.0E0,NULL)
INSERT INTO CONTRACT_ITEMS VALUES(20,'SC060403','004',40.0E0,58.0E0,40.0E0,NULL)
INSERT INTO CONTRACT_ITEMS VALUES(21,'SC060403','013',5.0E0,10.0E0,10.0E0,NULL)
INSERT INTO CONTRACT_ITEMS VALUES(22,'SC060403','030',10.0E0,30.0E0,30.0E0,NULL)
INSERT INTO CONTRACT_ITEMS VALUES(23,'SC060403','046',20.0E0,41.0E0,50.0E0,NULL)
INSERT INTO CONTRACT_ITEMS VALUES(24,'SC060403','026',10.0E0,80.0E0,60.0E0,NULL)
INSERT INTO CONTRACT_ITEMS VALUES(25,'SC060403','027',10.0E0,26.0E0,20.0E0,NULL)
INSERT INTO CONTRACT_ITEMS VALUES(26,'SC060403','045',5.0E0,28.0E0,25.0E0,NULL)
INSERT INTO CONTRACT_ITEMS VALUES(27,'SC060408','015',10.0E0,10.0E0,10.0E0,NULL)
INSERT INTO CONTRACT_ITEMS VALUES(28,'SC060408','029',10.0E0,10.0E0,10.0E0,NULL)
INSERT INTO CONTRACT_ITEMS VALUES(29,'SC060408','031',10.0E0,10.0E0,10.0E0,NULL)
INSERT INTO CONTRACT_ITEMS VALUES(30,'SC060408','041',10.0E0,20.0E0,20.0E0,NULL)
INSERT INTO CONTRACT_ITEMS VALUES(31,'SC060408','043',2.0E0,100.0E0,70.0E0,NULL)
INSERT INTO CONTRACT_ITEMS VALUES(32,'SC060408','032',20.0E0,15.0E0,12.0E0,NULL)
INSERT INTO CONTRACT_ITEMS VALUES(33,'SC060408','042',20.0E0,15.0E0,20.0E0,NULL)
INSERT INTO CONTRACT_ITEMS VALUES(34,'SC060408','014',10.0E0,20.0E0,10.0E0,NULL)
INSERT INTO CONTRACT_ITEMS VALUES(35,'SC060408','025',20.0E0,25.0E0,20.0E0,NULL)
INSERT INTO CONTRACT_ITEMS VALUES(37,'SC060510','032',20.0E0,100.0E0,70.0E0,NULL)
INSERT INTO CONTRACT_ITEMS VALUES(38,'SC060510','042',20.0E0,100.0E0,100.0E0,NULL)
INSERT INTO CONTRACT_ITEMS VALUES(39,'SC060510','033',20.0E0,200.0E0,160.0E0,NULL)
INSERT INTO CONTRACT_ITEMS VALUES(40,'SC060510','049',5.0E0,1000.0E0,800.0E0,NULL)
INSERT INTO CONTRACT_ITEMS VALUES(41,'SC060511','016',10.0E0,20.0E0,20.0E0,NULL)
INSERT INTO CONTRACT_ITEMS VALUES(42,'SC060511','035',10.0E0,30.0E0,20.0E0,NULL)
INSERT INTO CONTRACT_ITEMS VALUES(43,'SC060511','031',10.0E0,20.0E0,20.0E0,NULL)
INSERT INTO CONTRACT_ITEMS VALUES(44,'SC060511','032',20.0E0,20.0E0,20.0E0,NULL)
INSERT INTO CONTRACT_ITEMS VALUES(45,'SC060511','042',10.0E0,10.0E0,5.0E0,NULL)
INSERT INTO CONTRACT_ITEMS VALUES(46,'SC060511','033',15.0E0,5.0E0,5.0E0,NULL)
INSERT INTO CONTRACT_ITEMS VALUES(47,'SC060511','049',12.0E0,17.3E0,15.0E0,NULL)
INSERT INTO CONTRACT_ITEMS VALUES(48,'SC090511','004',1.0E0,NULL,NULL,NULL)
INSERT INTO CONTRACT_ITEMS VALUES(49,'SC090511','013',2.0E0,NULL,NULL,NULL)
INSERT INTO CONTRACT_ITEMS VALUES(50,'SC090511','002',3.0E0,NULL,NULL,NULL)
INSERT INTO CONTRACT_ITEMS VALUES(51,'SC090511','009',4.0E0,NULL,NULL,NULL)
INSERT INTO CONTRACT_ITEMS VALUES(52,'SC090511','009',4.0E0,NULL,NULL,NULL)
INSERT INTO CUSTOMER VALUES('COMFY','康菲')
INSERT INTO CUSTOMER VALUES('PEGGY','派吉')
INSERT INTO CUSTOMER VALUES('PLUSME','派拉斯')
INSERT INTO CUSTOMER VALUES('RAEBEL','里贝尔')
INSERT INTO CUSTOMER VALUES('SANDER','桑德')
INSERT INTO CUSTOMER VALUES('SUNNY','阳光')
INSERT INTO MIS_COMPANY VALUES('BJ001','北京工商大学',NULL,NULL,NULL,NULL,'北京','北京',NULL,NULL)
INSERT INTO MIS_COMPANY VALUES('GD001','广州梅州邮政局',NULL,NULL,NULL,NULL,'广东','广州',NULL,NULL)
INSERT INTO MIS_COMPANY VALUES('GD002','广东奥开科技有限公司',NULL,NULL,NULL,NULL,'广东','广州',NULL,NULL)
INSERT INTO MIS_COMPANY VALUES('GD003','广东东莞汇川家俱',NULL,NULL,NULL,NULL,'广东','广州',NULL,NULL)
INSERT INTO MIS_COMPANY VALUES('GD004','深圳市思泉软件有限公司',NULL,NULL,NULL,NULL,'广州','深圳',NULL,NULL)
INSERT INTO MIS_COMPANY VALUES('HB001','武汉佳特科技发展有限公司',NULL,NULL,NULL,NULL,'湖北','武汉',NULL,NULL)
INSERT INTO MIS_COMPANY VALUES('HN001','湖南湘邮科技股份有限公司',NULL,NULL,NULL,NULL,'湖南','长沙',NULL,NULL)
INSERT INTO MIS_COMPANY VALUES('JS001','江苏公信软件科技发展有限公司',NULL,NULL,NULL,NULL,'江苏','南京',NULL,NULL)
INSERT INTO MIS_COMPANY VALUES('JS002','苏州文景信息科技有限公司',NULL,NULL,NULL,NULL,'江苏','苏州',NULL,NULL)
INSERT INTO MIS_COMPANY VALUES('JS003','苏州宝时得电动工具有限公司',NULL,NULL,NULL,NULL,'江苏','苏州',NULL,NULL)
INSERT INTO MIS_COMPANY VALUES('LN001','辽宁省盘山市国税',NULL,NULL,NULL,NULL,'辽宁','盘山',NULL,NULL)
INSERT INTO MIS_COMPANY VALUES('SC001','四川自贡某公司',NULL,NULL,NULL,NULL,'四川','自贡',NULL,NULL)
INSERT INTO MIS_COMPANY VALUES('SH001','上海灵讯科技有限公司',NULL,NULL,NULL,NULL,'上海','上海',NULL,NULL)
INSERT INTO MIS_COMPANY VALUES('SH002','上海国际机场股份有限公司',NULL,NULL,NULL,NULL,'上海','上海',NULL,NULL)
INSERT INTO MIS_COMPANY VALUES('XJ001','新疆某公司',NULL,NULL,NULL,NULL,'新疆','乌鲁木齐',NULL,NULL)
INSERT INTO MIS_COMPANY VALUES('YN001','昆明优力威尔信息系统有限公司',NULL,NULL,NULL,NULL,'云南','昆明',NULL,NULL)
INSERT INTO MIS_COMPANY VALUES('ZJ001','杭州意能软件有限公司',NULL,NULL,NULL,NULL,'浙江','杭州',NULL,NULL)
INSERT INTO MIS_COMPANY VALUES('ZJ002','温州帝杰曼信息网络工程有限公司',NULL,NULL,NULL,NULL,'浙江','温州',NULL,NULL)

ALTER TABLE SAMPLE ADD CONSTRAINT FK_SAMPLE_SAMPLE FOREIGN KEY(PARENT_SAMPLE_ID) REFERENCES SAMPLE(SAMPLE_ID)
//alter talbe PROJECT, SCHEDULE, TEST_DETAIL, TEST_MASTER IDENTITY(1,1) 
